,raceId,year,RaceName,driverId,lap,position,time,miliseconds
0,843,2011,Chinese Grand Prix,1,1,2,1:47.286,107286
1,843,2011,Chinese Grand Prix,1,2,2,1:44.641,104641
2,843,2011,Chinese Grand Prix,1,3,2,1:44.767,104767
3,843,2011,Chinese Grand Prix,1,4,2,1:44.155,104155
4,843,2011,Chinese Grand Prix,1,5,2,1:44.023,104023
5,843,2011,Chinese Grand Prix,1,6,2,1:44.168,104168
6,843,2011,Chinese Grand Prix,1,7,2,1:43.928,103928
7,843,2011,Chinese Grand Prix,1,8,2,1:44.307,104307
8,843,2011,Chinese Grand Prix,1,9,2,1:44.357,104357
9,843,2011,Chinese Grand Prix,1,10,2,1:44.762,104762
10,843,2011,Chinese Grand Prix,1,11,2,1:45.029,105029
11,843,2011,Chinese Grand Prix,1,12,2,1:45.047,105047
12,843,2011,Chinese Grand Prix,1,13,2,1:45.697,105697
13,843,2011,Chinese Grand Prix,1,14,1,1:47.762,107762
14,843,2011,Chinese Grand Prix,1,15,3,1:52.046,112046
15,843,2011,Chinese Grand Prix,1,16,7,2:01.036,121036
16,843,2011,Chinese Grand Prix,1,17,5,1:43.416,103416
17,843,2011,Chinese Grand Prix,1,18,5,1:42.881,102881
18,843,2011,Chinese Grand Prix,1,19,5,1:43.062,103062
19,843,2011,Chinese Grand Prix,1,20,5,1:42.830,102830
20,843,2011,Chinese Grand Prix,1,21,5,1:42.799,102799
21,843,2011,Chinese Grand Prix,1,22,5,1:42.928,102928
22,843,2011,Chinese Grand Prix,1,23,5,1:43.164,103164
23,843,2011,Chinese Grand Prix,1,24,4,1:42.713,102713
24,843,2011,Chinese Grand Prix,1,25,4,1:46.843,106843
25,843,2011,Chinese Grand Prix,1,26,8,1:58.153,118153
26,843,2011,Chinese Grand Prix,1,27,6,1:41.694,101694
27,843,2011,Chinese Grand Prix,1,28,6,1:41.601,101601
28,843,2011,Chinese Grand Prix,1,29,6,1:41.441,101441
29,843,2011,Chinese Grand Prix,1,30,5,1:40.736,100736
30,843,2011,Chinese Grand Prix,1,31,5,1:40.732,100732
31,843,2011,Chinese Grand Prix,1,32,4,1:41.627,101627
32,843,2011,Chinese Grand Prix,1,33,4,1:41.020,101020
33,843,2011,Chinese Grand Prix,1,34,3,1:41.592,101592
34,843,2011,Chinese Grand Prix,1,35,3,1:41.668,101668
35,843,2011,Chinese Grand Prix,1,36,2,1:41.252,101252
36,843,2011,Chinese Grand Prix,1,37,2,1:41.079,101079
37,843,2011,Chinese Grand Prix,1,38,2,1:45.573,105573
38,843,2011,Chinese Grand Prix,1,39,4,1:57.724,117724
39,843,2011,Chinese Grand Prix,1,40,4,1:42.132,102132
40,843,2011,Chinese Grand Prix,1,41,4,1:41.488,101488
41,843,2011,Chinese Grand Prix,1,42,3,1:42.030,102030
42,843,2011,Chinese Grand Prix,1,43,3,1:41.034,101034
43,843,2011,Chinese Grand Prix,1,44,2,1:41.850,101850
44,843,2011,Chinese Grand Prix,1,45,2,1:40.899,100899
45,843,2011,Chinese Grand Prix,1,46,2,1:40.957,100957
46,843,2011,Chinese Grand Prix,1,47,2,1:40.923,100923
47,843,2011,Chinese Grand Prix,1,48,2,1:40.415,100415
48,843,2011,Chinese Grand Prix,1,49,2,1:40.939,100939
49,843,2011,Chinese Grand Prix,1,50,2,1:42.050,102050
50,843,2011,Chinese Grand Prix,1,51,2,1:42.867,102867
51,843,2011,Chinese Grand Prix,1,52,1,1:42.289,102289
52,843,2011,Chinese Grand Prix,1,53,1,1:41.427,101427
53,843,2011,Chinese Grand Prix,1,54,1,1:42.027,102027
54,843,2011,Chinese Grand Prix,1,55,1,1:42.218,102218
55,843,2011,Chinese Grand Prix,1,56,1,1:43.142,103142
56,862,2012,Chinese Grand Prix,1,1,5,1:49.228,109228
57,862,2012,Chinese Grand Prix,1,2,5,1:44.594,104594
58,862,2012,Chinese Grand Prix,1,3,5,1:44.169,104169
59,862,2012,Chinese Grand Prix,1,4,5,1:43.982,103982
60,862,2012,Chinese Grand Prix,1,5,5,1:44.148,104148
61,862,2012,Chinese Grand Prix,1,6,5,1:43.989,103989
62,862,2012,Chinese Grand Prix,1,7,5,1:43.728,103728
63,862,2012,Chinese Grand Prix,1,8,5,1:44.218,104218
64,862,2012,Chinese Grand Prix,1,9,5,1:44.300,104300
65,862,2012,Chinese Grand Prix,1,10,7,1:48.886,108886
66,862,2012,Chinese Grand Prix,1,11,12,2:00.863,120863
67,862,2012,Chinese Grand Prix,1,12,8,1:42.789,102789
68,862,2012,Chinese Grand Prix,1,13,5,1:43.027,103027
69,862,2012,Chinese Grand Prix,1,14,5,1:42.807,102807
70,862,2012,Chinese Grand Prix,1,15,5,1:42.693,102693
71,862,2012,Chinese Grand Prix,1,16,5,1:42.879,102879
72,862,2012,Chinese Grand Prix,1,17,4,1:42.862,102862
73,862,2012,Chinese Grand Prix,1,18,3,1:42.612,102612
74,862,2012,Chinese Grand Prix,1,19,3,1:42.961,102961
75,862,2012,Chinese Grand Prix,1,20,3,1:43.220,103220
76,862,2012,Chinese Grand Prix,1,21,3,1:43.063,103063
77,862,2012,Chinese Grand Prix,1,22,3,1:47.073,107073
78,862,2012,Chinese Grand Prix,1,23,13,1:58.264,118264
79,862,2012,Chinese Grand Prix,1,24,13,1:43.023,103023
80,862,2012,Chinese Grand Prix,1,25,13,1:43.316,103316
81,862,2012,Chinese Grand Prix,1,26,11,1:42.602,102602
82,862,2012,Chinese Grand Prix,1,27,10,1:43.315,103315
83,862,2012,Chinese Grand Prix,1,28,8,1:41.980,101980
84,862,2012,Chinese Grand Prix,1,29,7,1:42.494,102494
85,862,2012,Chinese Grand Prix,1,30,6,1:41.831,101831
86,862,2012,Chinese Grand Prix,1,31,5,1:41.781,101781
87,862,2012,Chinese Grand Prix,1,32,5,1:42.823,102823
88,862,2012,Chinese Grand Prix,1,33,4,1:43.396,103396
89,862,2012,Chinese Grand Prix,1,34,4,1:43.423,103423
90,862,2012,Chinese Grand Prix,1,35,3,1:44.545,104545
91,862,2012,Chinese Grand Prix,1,36,3,1:41.584,101584
92,862,2012,Chinese Grand Prix,1,37,3,1:41.730,101730
93,862,2012,Chinese Grand Prix,1,38,3,1:45.758,105758
94,862,2012,Chinese Grand Prix,1,39,10,1:57.274,117274
95,862,2012,Chinese Grand Prix,1,40,10,1:40.530,100530
96,862,2012,Chinese Grand Prix,1,41,10,1:41.374,101374
97,862,2012,Chinese Grand Prix,1,42,8,1:41.561,101561
98,862,2012,Chinese Grand Prix,1,43,7,1:41.257,101257
99,862,2012,Chinese Grand Prix,1,44,7,1:41.423,101423
100,862,2012,Chinese Grand Prix,1,45,6,1:41.955,101955
101,862,2012,Chinese Grand Prix,1,46,6,1:41.657,101657
102,862,2012,Chinese Grand Prix,1,47,6,1:42.174,102174
103,862,2012,Chinese Grand Prix,1,48,4,1:43.779,103779
104,862,2012,Chinese Grand Prix,1,49,4,1:40.683,100683
105,862,2012,Chinese Grand Prix,1,50,4,1:40.711,100711
106,862,2012,Chinese Grand Prix,1,51,4,1:41.076,101076
107,862,2012,Chinese Grand Prix,1,52,4,1:41.479,101479
108,862,2012,Chinese Grand Prix,1,53,4,1:42.105,102105
109,862,2012,Chinese Grand Prix,1,54,3,1:42.089,102089
110,862,2012,Chinese Grand Prix,1,55,3,1:41.039,101039
111,862,2012,Chinese Grand Prix,1,56,3,1:40.819,100819
112,882,2013,Chinese Grand Prix,1,1,1,1:45.684,105684
113,882,2013,Chinese Grand Prix,1,2,1,1:44.041,104041
114,882,2013,Chinese Grand Prix,1,3,1,1:44.864,104864
115,882,2013,Chinese Grand Prix,1,4,1,1:45.816,105816
116,882,2013,Chinese Grand Prix,1,5,8,1:51.988,111988
117,882,2013,Chinese Grand Prix,1,6,13,2:00.395,120395
118,882,2013,Chinese Grand Prix,1,7,11,1:42.612,102612
119,882,2013,Chinese Grand Prix,1,8,8,1:42.735,102735
120,882,2013,Chinese Grand Prix,1,9,7,1:43.156,103156
121,882,2013,Chinese Grand Prix,1,10,7,1:43.121,103121
122,882,2013,Chinese Grand Prix,1,11,7,1:43.112,103112
123,882,2013,Chinese Grand Prix,1,12,7,1:44.310,104310
124,882,2013,Chinese Grand Prix,1,13,7,1:44.292,104292
125,882,2013,Chinese Grand Prix,1,14,6,1:45.250,105250
126,882,2013,Chinese Grand Prix,1,15,4,1:44.685,104685
127,882,2013,Chinese Grand Prix,1,16,3,1:43.938,103938
128,882,2013,Chinese Grand Prix,1,17,3,1:43.954,103954
129,882,2013,Chinese Grand Prix,1,18,3,1:44.018,104018
130,882,2013,Chinese Grand Prix,1,19,3,1:43.909,103909
131,882,2013,Chinese Grand Prix,1,20,3,1:44.675,104675
132,882,2013,Chinese Grand Prix,1,21,3,1:49.104,109104
133,882,2013,Chinese Grand Prix,1,22,9,1:57.891,117891
134,882,2013,Chinese Grand Prix,1,23,6,1:41.970,101970
135,882,2013,Chinese Grand Prix,1,24,5,1:41.483,101483
136,882,2013,Chinese Grand Prix,1,25,5,1:42.094,102094
137,882,2013,Chinese Grand Prix,1,26,5,1:41.838,101838
138,882,2013,Chinese Grand Prix,1,27,5,1:42.349,102349
139,882,2013,Chinese Grand Prix,1,28,5,1:42.855,102855
140,882,2013,Chinese Grand Prix,1,29,3,1:42.878,102878
141,882,2013,Chinese Grand Prix,1,30,3,1:43.337,103337
142,882,2013,Chinese Grand Prix,1,31,3,1:42.374,102374
143,882,2013,Chinese Grand Prix,1,32,2,1:43.039,103039
144,882,2013,Chinese Grand Prix,1,33,2,1:42.666,102666
145,882,2013,Chinese Grand Prix,1,34,2,1:42.296,102296
146,882,2013,Chinese Grand Prix,1,35,2,1:41.826,101826
147,882,2013,Chinese Grand Prix,1,36,2,1:42.539,102539
148,882,2013,Chinese Grand Prix,1,37,2,1:46.890,106890
149,882,2013,Chinese Grand Prix,1,38,5,1:56.547,116547
150,882,2013,Chinese Grand Prix,1,39,5,1:40.284,100284
151,882,2013,Chinese Grand Prix,1,40,5,1:40.279,100279
152,882,2013,Chinese Grand Prix,1,41,5,1:40.058,100058
153,882,2013,Chinese Grand Prix,1,42,5,1:40.422,100422
154,882,2013,Chinese Grand Prix,1,43,5,1:40.199,100199
155,882,2013,Chinese Grand Prix,1,44,5,1:40.404,100404
156,882,2013,Chinese Grand Prix,1,45,4,1:40.593,100593
157,882,2013,Chinese Grand Prix,1,46,4,1:40.624,100624
158,882,2013,Chinese Grand Prix,1,47,4,1:41.338,101338
159,882,2013,Chinese Grand Prix,1,48,4,1:40.731,100731
160,882,2013,Chinese Grand Prix,1,49,4,1:40.037,100037
161,882,2013,Chinese Grand Prix,1,50,4,1:39.981,99981
162,882,2013,Chinese Grand Prix,1,51,4,1:40.056,100056
163,882,2013,Chinese Grand Prix,1,52,3,1:40.057,100057
164,882,2013,Chinese Grand Prix,1,53,3,1:40.108,100108
165,882,2013,Chinese Grand Prix,1,54,3,1:40.279,100279
166,882,2013,Chinese Grand Prix,1,55,3,1:41.346,101346
167,882,2013,Chinese Grand Prix,1,56,3,1:41.940,101940
168,903,2014,Chinese Grand Prix,1,1,1,1:44.671,104671
169,903,2014,Chinese Grand Prix,1,2,1,1:42.553,102553
170,903,2014,Chinese Grand Prix,1,3,1,1:43.160,103160
171,903,2014,Chinese Grand Prix,1,4,1,1:43.168,103168
172,903,2014,Chinese Grand Prix,1,5,1,1:43.239,103239
173,903,2014,Chinese Grand Prix,1,6,1,1:43.144,103144
174,903,2014,Chinese Grand Prix,1,7,1,1:43.166,103166
175,903,2014,Chinese Grand Prix,1,8,1,1:43.376,103376
176,903,2014,Chinese Grand Prix,1,9,1,1:43.816,103816
177,903,2014,Chinese Grand Prix,1,10,1,1:43.832,103832
178,903,2014,Chinese Grand Prix,1,11,1,1:43.948,103948
179,903,2014,Chinese Grand Prix,1,12,1,1:44.252,104252
180,903,2014,Chinese Grand Prix,1,13,1,1:44.293,104293
181,903,2014,Chinese Grand Prix,1,14,1,1:44.003,104003
182,903,2014,Chinese Grand Prix,1,15,1,1:44.259,104259
183,903,2014,Chinese Grand Prix,1,16,1,1:44.560,104560
184,903,2014,Chinese Grand Prix,1,17,1,1:51.929,111929
185,903,2014,Chinese Grand Prix,1,18,1,2:02.317,122317
186,903,2014,Chinese Grand Prix,1,19,1,1:42.777,102777
187,903,2014,Chinese Grand Prix,1,20,1,1:42.839,102839
188,903,2014,Chinese Grand Prix,1,21,1,1:43.322,103322
189,903,2014,Chinese Grand Prix,1,22,1,1:42.951,102951
190,903,2014,Chinese Grand Prix,1,23,1,1:42.601,102601
191,903,2014,Chinese Grand Prix,1,24,1,1:42.804,102804
192,903,2014,Chinese Grand Prix,1,25,1,1:42.323,102323
193,903,2014,Chinese Grand Prix,1,26,1,1:42.696,102696
194,903,2014,Chinese Grand Prix,1,27,1,1:42.809,102809
195,903,2014,Chinese Grand Prix,1,28,1,1:42.934,102934
196,903,2014,Chinese Grand Prix,1,29,1,1:43.419,103419
197,903,2014,Chinese Grand Prix,1,30,1,1:43.824,103824
198,903,2014,Chinese Grand Prix,1,31,1,1:43.293,103293
199,903,2014,Chinese Grand Prix,1,32,1,1:43.116,103116
200,903,2014,Chinese Grand Prix,1,33,1,1:43.179,103179
201,903,2014,Chinese Grand Prix,1,34,1,1:43.314,103314
202,903,2014,Chinese Grand Prix,1,35,1,1:42.935,102935
203,903,2014,Chinese Grand Prix,1,36,1,1:42.782,102782
204,903,2014,Chinese Grand Prix,1,37,1,1:42.925,102925
205,903,2014,Chinese Grand Prix,1,38,1,1:48.144,108144
206,903,2014,Chinese Grand Prix,1,39,1,2:02.762,122762
207,903,2014,Chinese Grand Prix,1,40,1,1:41.817,101817
208,903,2014,Chinese Grand Prix,1,41,1,1:41.681,101681
209,903,2014,Chinese Grand Prix,1,42,1,1:41.196,101196
210,903,2014,Chinese Grand Prix,1,43,1,1:42.135,102135
211,903,2014,Chinese Grand Prix,1,44,1,1:41.585,101585
212,903,2014,Chinese Grand Prix,1,45,1,1:41.979,101979
213,903,2014,Chinese Grand Prix,1,46,1,1:42.094,102094
214,903,2014,Chinese Grand Prix,1,47,1,1:41.908,101908
215,903,2014,Chinese Grand Prix,1,48,1,1:42.292,102292
216,903,2014,Chinese Grand Prix,1,49,1,1:41.893,101893
217,903,2014,Chinese Grand Prix,1,50,1,1:41.879,101879
218,903,2014,Chinese Grand Prix,1,51,1,1:41.706,101706
219,903,2014,Chinese Grand Prix,1,52,1,1:41.342,101342
220,903,2014,Chinese Grand Prix,1,53,1,1:41.583,101583
221,903,2014,Chinese Grand Prix,1,54,1,1:41.813,101813
222,903,2014,Chinese Grand Prix,1,55,1,1:41.413,101413
223,903,2014,Chinese Grand Prix,1,56,1,1:43.059,103059
224,928,2015,Chinese Grand Prix,1,1,1,1:45.695,105695
225,928,2015,Chinese Grand Prix,1,2,1,1:44.678,104678
226,928,2015,Chinese Grand Prix,1,3,1,1:44.317,104317
227,928,2015,Chinese Grand Prix,1,4,1,1:44.317,104317
228,928,2015,Chinese Grand Prix,1,5,1,1:44.149,104149
229,928,2015,Chinese Grand Prix,1,6,1,1:44.102,104102
230,928,2015,Chinese Grand Prix,1,7,1,1:44.234,104234
231,928,2015,Chinese Grand Prix,1,8,1,1:44.178,104178
232,928,2015,Chinese Grand Prix,1,9,1,1:44.230,104230
233,928,2015,Chinese Grand Prix,1,10,1,1:44.492,104492
234,928,2015,Chinese Grand Prix,1,11,1,1:44.399,104399
235,928,2015,Chinese Grand Prix,1,12,1,1:43.935,103935
236,928,2015,Chinese Grand Prix,1,13,1,1:43.689,103689
237,928,2015,Chinese Grand Prix,1,14,2,1:48.299,108299
238,928,2015,Chinese Grand Prix,1,15,3,2:02.245,122245
239,928,2015,Chinese Grand Prix,1,16,1,1:44.222,104222
240,928,2015,Chinese Grand Prix,1,17,1,1:44.869,104869
241,928,2015,Chinese Grand Prix,1,18,1,1:44.078,104078
242,928,2015,Chinese Grand Prix,1,19,1,1:44.176,104176
243,928,2015,Chinese Grand Prix,1,20,1,1:43.905,103905
244,928,2015,Chinese Grand Prix,1,21,1,1:43.735,103735
245,928,2015,Chinese Grand Prix,1,22,1,1:43.696,103696
246,928,2015,Chinese Grand Prix,1,23,1,1:43.887,103887
247,928,2015,Chinese Grand Prix,1,24,1,1:43.592,103592
248,928,2015,Chinese Grand Prix,1,25,1,1:43.702,103702
249,928,2015,Chinese Grand Prix,1,26,1,1:43.508,103508
250,928,2015,Chinese Grand Prix,1,27,1,1:43.647,103647
251,928,2015,Chinese Grand Prix,1,28,1,1:43.644,103644
252,928,2015,Chinese Grand Prix,1,29,1,1:43.239,103239
253,928,2015,Chinese Grand Prix,1,30,1,1:43.008,103008
254,928,2015,Chinese Grand Prix,1,31,1,1:42.208,102208
255,928,2015,Chinese Grand Prix,1,32,1,1:42.297,102297
256,928,2015,Chinese Grand Prix,1,33,1,1:47.504,107504
257,928,2015,Chinese Grand Prix,1,34,2,2:01.001,121001
258,928,2015,Chinese Grand Prix,1,35,1,1:43.595,103595
259,928,2015,Chinese Grand Prix,1,36,1,1:43.697,103697
260,928,2015,Chinese Grand Prix,1,37,1,1:43.064,103064
261,928,2015,Chinese Grand Prix,1,38,1,1:43.125,103125
262,928,2015,Chinese Grand Prix,1,39,1,1:42.763,102763
263,928,2015,Chinese Grand Prix,1,40,1,1:43.816,103816
264,928,2015,Chinese Grand Prix,1,41,1,1:43.249,103249
265,928,2015,Chinese Grand Prix,1,42,1,1:42.948,102948
266,928,2015,Chinese Grand Prix,1,43,1,1:43.382,103382
267,928,2015,Chinese Grand Prix,1,44,1,1:42.766,102766
268,928,2015,Chinese Grand Prix,1,45,1,1:43.230,103230
269,928,2015,Chinese Grand Prix,1,46,1,1:42.954,102954
270,928,2015,Chinese Grand Prix,1,47,1,1:42.788,102788
271,928,2015,Chinese Grand Prix,1,48,1,1:43.339,103339
272,928,2015,Chinese Grand Prix,1,49,1,1:43.459,103459
273,928,2015,Chinese Grand Prix,1,50,1,1:43.047,103047
274,928,2015,Chinese Grand Prix,1,51,1,1:43.493,103493
275,928,2015,Chinese Grand Prix,1,52,1,1:43.050,103050
276,928,2015,Chinese Grand Prix,1,53,1,1:42.668,102668
277,928,2015,Chinese Grand Prix,1,54,1,2:11.653,131653
278,928,2015,Chinese Grand Prix,1,55,1,2:40.586,160586
279,928,2015,Chinese Grand Prix,1,56,1,2:32.459,152459
280,51,2007,Chinese Grand Prix,1,1,1,1:51.641,111641
281,51,2007,Chinese Grand Prix,1,2,1,1:47.680,107680
282,51,2007,Chinese Grand Prix,1,3,1,1:47.670,107670
283,51,2007,Chinese Grand Prix,1,4,1,1:46.372,106372
284,51,2007,Chinese Grand Prix,1,5,1,1:47.405,107405
285,51,2007,Chinese Grand Prix,1,6,1,1:46.051,106051
286,51,2007,Chinese Grand Prix,1,7,1,1:46.166,106166
287,51,2007,Chinese Grand Prix,1,8,1,1:45.686,105686
288,51,2007,Chinese Grand Prix,1,9,1,1:46.242,106242
289,51,2007,Chinese Grand Prix,1,10,1,1:45.677,105677
290,51,2007,Chinese Grand Prix,1,11,1,1:45.914,105914
291,51,2007,Chinese Grand Prix,1,12,1,1:45.545,105545
292,51,2007,Chinese Grand Prix,1,13,1,1:45.562,105562
293,51,2007,Chinese Grand Prix,1,14,1,1:45.935,105935
294,51,2007,Chinese Grand Prix,1,15,1,1:50.629,110629
295,51,2007,Chinese Grand Prix,1,16,4,2:10.823,130823
296,51,2007,Chinese Grand Prix,1,17,4,1:45.820,105820
297,51,2007,Chinese Grand Prix,1,18,3,1:44.816,104816
298,51,2007,Chinese Grand Prix,1,19,2,1:44.021,104021
299,51,2007,Chinese Grand Prix,1,20,1,1:44.688,104688
300,51,2007,Chinese Grand Prix,1,21,1,1:43.831,103831
301,51,2007,Chinese Grand Prix,1,22,1,1:43.131,103131
302,51,2007,Chinese Grand Prix,1,23,1,1:44.226,104226
303,51,2007,Chinese Grand Prix,1,24,1,1:43.614,103614
304,51,2007,Chinese Grand Prix,1,25,1,1:43.807,103807
305,51,2007,Chinese Grand Prix,1,26,1,1:46.098,106098
306,51,2007,Chinese Grand Prix,1,27,1,1:50.147,110147
307,51,2007,Chinese Grand Prix,1,28,1,1:55.667,115667
308,51,2007,Chinese Grand Prix,1,29,2,1:55.381,115381
309,51,2007,Chinese Grand Prix,1,30,2,1:56.885,116885
310,34,2008,Chinese Grand Prix,1,1,1,1:40.107,100107
311,34,2008,Chinese Grand Prix,1,2,1,1:37.332,97332
312,34,2008,Chinese Grand Prix,1,3,1,1:37.081,97081
313,34,2008,Chinese Grand Prix,1,4,1,1:37.265,97265
314,34,2008,Chinese Grand Prix,1,5,1,1:36.940,96940
315,34,2008,Chinese Grand Prix,1,6,1,1:36.792,96792
316,34,2008,Chinese Grand Prix,1,7,1,1:36.846,96846
317,34,2008,Chinese Grand Prix,1,8,1,1:36.807,96807
318,34,2008,Chinese Grand Prix,1,9,1,1:36.683,96683
319,34,2008,Chinese Grand Prix,1,10,1,1:36.782,96782
320,34,2008,Chinese Grand Prix,1,11,1,1:36.776,96776
321,34,2008,Chinese Grand Prix,1,12,1,1:36.652,96652
322,34,2008,Chinese Grand Prix,1,13,1,1:36.325,96325
323,34,2008,Chinese Grand Prix,1,14,1,1:36.396,96396
324,34,2008,Chinese Grand Prix,1,15,1,1:41.146,101146
325,34,2008,Chinese Grand Prix,1,16,3,2:03.283,123283
326,34,2008,Chinese Grand Prix,1,17,2,1:37.712,97712
327,34,2008,Chinese Grand Prix,1,18,2,1:37.608,97608
328,34,2008,Chinese Grand Prix,1,19,1,1:37.553,97553
329,34,2008,Chinese Grand Prix,1,20,1,1:37.639,97639
330,34,2008,Chinese Grand Prix,1,21,1,1:37.737,97737
331,34,2008,Chinese Grand Prix,1,22,1,1:37.347,97347
332,34,2008,Chinese Grand Prix,1,23,1,1:37.483,97483
333,34,2008,Chinese Grand Prix,1,24,1,1:37.457,97457
334,34,2008,Chinese Grand Prix,1,25,1,1:37.618,97618
335,34,2008,Chinese Grand Prix,1,26,1,1:37.429,97429
336,34,2008,Chinese Grand Prix,1,27,1,1:37.414,97414
337,34,2008,Chinese Grand Prix,1,28,1,1:37.108,97108
338,34,2008,Chinese Grand Prix,1,29,1,1:37.737,97737
339,34,2008,Chinese Grand Prix,1,30,1,1:37.184,97184
340,34,2008,Chinese Grand Prix,1,31,1,1:36.801,96801
341,34,2008,Chinese Grand Prix,1,32,1,1:36.886,96886
342,34,2008,Chinese Grand Prix,1,33,1,1:37.048,97048
343,34,2008,Chinese Grand Prix,1,34,1,1:36.858,96858
344,34,2008,Chinese Grand Prix,1,35,1,1:37.393,97393
345,34,2008,Chinese Grand Prix,1,36,1,1:37.427,97427
346,34,2008,Chinese Grand Prix,1,37,1,1:36.961,96961
347,34,2008,Chinese Grand Prix,1,38,1,1:41.989,101989
348,34,2008,Chinese Grand Prix,1,39,1,2:00.670,120670
349,34,2008,Chinese Grand Prix,1,40,1,1:38.569,98569
350,34,2008,Chinese Grand Prix,1,41,1,1:37.815,97815
351,34,2008,Chinese Grand Prix,1,42,1,1:37.860,97860
352,34,2008,Chinese Grand Prix,1,43,1,1:37.534,97534
353,34,2008,Chinese Grand Prix,1,44,1,1:37.571,97571
354,34,2008,Chinese Grand Prix,1,45,1,1:37.622,97622
355,34,2008,Chinese Grand Prix,1,46,1,1:37.753,97753
356,34,2008,Chinese Grand Prix,1,47,1,1:37.865,97865
357,34,2008,Chinese Grand Prix,1,48,1,1:37.868,97868
358,34,2008,Chinese Grand Prix,1,49,1,1:37.907,97907
359,34,2008,Chinese Grand Prix,1,50,1,1:38.034,98034
360,34,2008,Chinese Grand Prix,1,51,1,1:37.963,97963
361,34,2008,Chinese Grand Prix,1,52,1,1:38.156,98156
362,34,2008,Chinese Grand Prix,1,53,1,1:38.435,98435
363,34,2008,Chinese Grand Prix,1,54,1,1:38.649,98649
364,34,2008,Chinese Grand Prix,1,55,1,1:38.756,98756
365,34,2008,Chinese Grand Prix,1,56,1,1:38.774,98774
366,3,2009,Chinese Grand Prix,1,1,9,3:09.012,189012
367,3,2009,Chinese Grand Prix,1,2,9,2:43.027,163027
368,3,2009,Chinese Grand Prix,1,3,9,2:49.724,169724
369,3,2009,Chinese Grand Prix,1,4,9,2:44.318,164318
370,3,2009,Chinese Grand Prix,1,5,8,2:45.619,165619
371,3,2009,Chinese Grand Prix,1,6,8,2:43.886,163886
372,3,2009,Chinese Grand Prix,1,7,8,2:45.354,165354
373,3,2009,Chinese Grand Prix,1,8,7,2:40.554,160554
374,3,2009,Chinese Grand Prix,1,9,6,2:02.357,122357
375,3,2009,Chinese Grand Prix,1,10,6,1:59.481,119481
376,3,2009,Chinese Grand Prix,1,11,5,1:59.061,119061
377,3,2009,Chinese Grand Prix,1,12,10,2:07.120,127120
378,3,2009,Chinese Grand Prix,1,13,9,1:58.884,118884
379,3,2009,Chinese Grand Prix,1,14,9,1:58.915,118915
380,3,2009,Chinese Grand Prix,1,15,7,1:58.625,118625
381,3,2009,Chinese Grand Prix,1,16,8,2:00.696,120696
382,3,2009,Chinese Grand Prix,1,17,8,1:57.442,117442
383,3,2009,Chinese Grand Prix,1,18,8,1:57.759,117759
384,3,2009,Chinese Grand Prix,1,19,8,2:10.708,130708
385,3,2009,Chinese Grand Prix,1,20,6,2:09.579,129579
386,3,2009,Chinese Grand Prix,1,21,5,2:52.443,172443
387,3,2009,Chinese Grand Prix,1,22,5,2:37.668,157668
388,3,2009,Chinese Grand Prix,1,23,4,1:59.234,119234
389,3,2009,Chinese Grand Prix,1,24,4,1:57.426,117426
390,3,2009,Chinese Grand Prix,1,25,4,1:57.438,117438
391,3,2009,Chinese Grand Prix,1,26,4,1:57.428,117428
392,3,2009,Chinese Grand Prix,1,27,4,1:58.688,118688
393,3,2009,Chinese Grand Prix,1,28,4,1:58.215,118215
394,3,2009,Chinese Grand Prix,1,29,4,1:57.741,117741
395,3,2009,Chinese Grand Prix,1,30,4,1:57.408,117408
396,3,2009,Chinese Grand Prix,1,31,4,1:57.625,117625
397,3,2009,Chinese Grand Prix,1,32,4,1:56.353,116353
398,3,2009,Chinese Grand Prix,1,33,4,2:01.264,121264
399,3,2009,Chinese Grand Prix,1,34,8,2:19.428,139428
400,3,2009,Chinese Grand Prix,1,35,7,1:55.153,115153
401,3,2009,Chinese Grand Prix,1,36,6,1:55.554,115554
402,3,2009,Chinese Grand Prix,1,37,6,1:55.322,115322
403,3,2009,Chinese Grand Prix,1,38,6,1:55.660,115660
404,3,2009,Chinese Grand Prix,1,39,6,1:54.665,114665
405,3,2009,Chinese Grand Prix,1,40,6,1:55.152,115152
406,3,2009,Chinese Grand Prix,1,41,6,1:55.669,115669
407,3,2009,Chinese Grand Prix,1,42,6,1:57.796,117796
408,3,2009,Chinese Grand Prix,1,43,6,1:55.201,115201
409,3,2009,Chinese Grand Prix,1,44,6,1:54.936,114936
410,3,2009,Chinese Grand Prix,1,45,6,1:55.534,115534
411,3,2009,Chinese Grand Prix,1,46,5,1:54.972,114972
412,3,2009,Chinese Grand Prix,1,47,6,1:58.872,118872
413,3,2009,Chinese Grand Prix,1,48,6,1:56.899,116899
414,3,2009,Chinese Grand Prix,1,49,7,2:02.526,122526
415,3,2009,Chinese Grand Prix,1,50,7,1:58.403,118403
416,3,2009,Chinese Grand Prix,1,51,6,1:57.809,117809
417,3,2009,Chinese Grand Prix,1,52,6,1:56.442,116442
418,3,2009,Chinese Grand Prix,1,53,6,1:56.997,116997
419,3,2009,Chinese Grand Prix,1,54,6,1:57.420,117420
420,3,2009,Chinese Grand Prix,1,55,6,1:57.092,117092
421,3,2009,Chinese Grand Prix,1,56,6,1:56.797,116797
422,340,2010,Chinese Grand Prix,1,1,6,2:02.304,122304
423,340,2010,Chinese Grand Prix,1,2,11,2:53.974,173974
424,340,2010,Chinese Grand Prix,1,3,14,2:26.749,146749
425,340,2010,Chinese Grand Prix,1,4,12,1:53.958,113958
426,340,2010,Chinese Grand Prix,1,5,13,2:01.456,121456
427,340,2010,Chinese Grand Prix,1,6,16,2:11.298,131298
428,340,2010,Chinese Grand Prix,1,7,12,1:48.629,108629
429,340,2010,Chinese Grand Prix,1,8,11,1:47.032,107032
430,340,2010,Chinese Grand Prix,1,9,10,1:46.049,106049
431,340,2010,Chinese Grand Prix,1,10,10,1:46.041,106041
432,340,2010,Chinese Grand Prix,1,11,7,1:47.109,107109
433,340,2010,Chinese Grand Prix,1,12,6,1:43.276,103276
434,340,2010,Chinese Grand Prix,1,13,6,1:42.061,102061
435,340,2010,Chinese Grand Prix,1,14,6,1:43.192,103192
436,340,2010,Chinese Grand Prix,1,15,6,1:45.287,105287
437,340,2010,Chinese Grand Prix,1,16,5,1:45.552,105552
438,340,2010,Chinese Grand Prix,1,17,5,1:43.108,103108
439,340,2010,Chinese Grand Prix,1,18,5,1:44.126,104126
440,340,2010,Chinese Grand Prix,1,19,5,1:54.905,114905
441,340,2010,Chinese Grand Prix,1,20,5,2:08.243,128243
442,340,2010,Chinese Grand Prix,1,21,7,2:12.573,132573
443,340,2010,Chinese Grand Prix,1,22,7,2:12.389,132389
444,340,2010,Chinese Grand Prix,1,23,7,1:59.540,119540
445,340,2010,Chinese Grand Prix,1,24,7,1:57.960,117960
446,340,2010,Chinese Grand Prix,1,25,6,2:28.946,148946
447,340,2010,Chinese Grand Prix,1,26,5,1:53.301,113301
448,340,2010,Chinese Grand Prix,1,27,4,1:50.675,110675
449,340,2010,Chinese Grand Prix,1,28,4,1:48.730,108730
450,340,2010,Chinese Grand Prix,1,29,3,1:49.845,109845
451,340,2010,Chinese Grand Prix,1,30,3,1:48.779,108779
452,340,2010,Chinese Grand Prix,1,31,3,1:48.607,108607
453,340,2010,Chinese Grand Prix,1,32,3,1:49.170,109170
454,340,2010,Chinese Grand Prix,1,33,3,1:50.035,110035
455,340,2010,Chinese Grand Prix,1,34,3,1:50.791,110791
456,340,2010,Chinese Grand Prix,1,35,3,1:52.054,112054
457,340,2010,Chinese Grand Prix,1,36,3,1:53.238,113238
458,340,2010,Chinese Grand Prix,1,37,3,1:57.261,117261
459,340,2010,Chinese Grand Prix,1,38,4,2:10.953,130953
460,340,2010,Chinese Grand Prix,1,39,2,1:47.269,107269
461,340,2010,Chinese Grand Prix,1,40,2,1:48.363,108363
462,340,2010,Chinese Grand Prix,1,41,2,1:47.968,107968
463,340,2010,Chinese Grand Prix,1,42,2,1:48.340,108340
464,340,2010,Chinese Grand Prix,1,43,2,1:47.502,107502
465,340,2010,Chinese Grand Prix,1,44,2,1:48.191,108191
466,340,2010,Chinese Grand Prix,1,45,2,1:47.370,107370
467,340,2010,Chinese Grand Prix,1,46,2,1:48.058,108058
468,340,2010,Chinese Grand Prix,1,47,2,1:49.439,109439
469,340,2010,Chinese Grand Prix,1,48,2,1:50.078,110078
470,340,2010,Chinese Grand Prix,1,49,2,1:51.488,111488
471,340,2010,Chinese Grand Prix,1,50,2,1:50.380,110380
472,340,2010,Chinese Grand Prix,1,51,2,1:51.125,111125
473,340,2010,Chinese Grand Prix,1,52,2,1:51.057,111057
474,340,2010,Chinese Grand Prix,1,53,2,1:50.976,110976
475,340,2010,Chinese Grand Prix,1,54,2,1:51.591,111591
476,340,2010,Chinese Grand Prix,1,55,2,1:52.382,112382
477,340,2010,Chinese Grand Prix,1,56,2,1:52.920,112920
478,950,2016,Chinese Grand Prix,1,1,21,2:10.729,130729
479,950,2016,Chinese Grand Prix,1,2,20,2:06.038,126038
480,950,2016,Chinese Grand Prix,1,3,20,1:41.293,101293
481,950,2016,Chinese Grand Prix,1,4,20,2:06.335,126335
482,950,2016,Chinese Grand Prix,1,5,20,2:18.201,138201
483,950,2016,Chinese Grand Prix,1,6,20,2:05.842,125842
484,950,2016,Chinese Grand Prix,1,7,21,2:10.908,130908
485,950,2016,Chinese Grand Prix,1,8,21,2:21.336,141336
486,950,2016,Chinese Grand Prix,1,9,19,1:44.352,104352
487,950,2016,Chinese Grand Prix,1,10,16,1:44.596,104596
488,950,2016,Chinese Grand Prix,1,11,14,1:43.612,103612
489,950,2016,Chinese Grand Prix,1,12,13,1:43.772,103772
490,950,2016,Chinese Grand Prix,1,13,12,1:44.725,104725
491,950,2016,Chinese Grand Prix,1,14,11,1:45.325,105325
492,950,2016,Chinese Grand Prix,1,15,11,1:43.789,103789
493,950,2016,Chinese Grand Prix,1,16,10,1:44.110,104110
494,950,2016,Chinese Grand Prix,1,17,9,1:43.961,103961
495,950,2016,Chinese Grand Prix,1,18,8,1:43.835,103835
496,950,2016,Chinese Grand Prix,1,19,5,1:43.679,103679
497,950,2016,Chinese Grand Prix,1,20,3,1:44.120,104120
498,950,2016,Chinese Grand Prix,1,21,5,1:49.277,109277
499,950,2016,Chinese Grand Prix,1,22,14,2:00.961,120961
500,950,2016,Chinese Grand Prix,1,23,12,1:41.553,101553
501,950,2016,Chinese Grand Prix,1,24,11,1:42.321,102321
502,950,2016,Chinese Grand Prix,1,25,11,1:42.639,102639
503,950,2016,Chinese Grand Prix,1,26,11,1:42.512,102512
504,950,2016,Chinese Grand Prix,1,27,10,1:43.007,103007
505,950,2016,Chinese Grand Prix,1,28,9,1:43.858,103858
506,950,2016,Chinese Grand Prix,1,29,9,1:43.673,103673
507,950,2016,Chinese Grand Prix,1,30,9,1:47.764,107764
508,950,2016,Chinese Grand Prix,1,31,14,1:58.155,118155
509,950,2016,Chinese Grand Prix,1,32,13,1:40.662,100662
510,950,2016,Chinese Grand Prix,1,33,11,1:41.495,101495
511,950,2016,Chinese Grand Prix,1,34,9,1:41.345,101345
512,950,2016,Chinese Grand Prix,1,35,9,1:41.486,101486
513,950,2016,Chinese Grand Prix,1,36,9,1:41.677,101677
514,950,2016,Chinese Grand Prix,1,37,9,1:41.982,101982
515,950,2016,Chinese Grand Prix,1,38,7,1:41.781,101781
516,950,2016,Chinese Grand Prix,1,39,6,1:42.803,102803
517,950,2016,Chinese Grand Prix,1,40,5,1:42.462,102462
518,950,2016,Chinese Grand Prix,1,41,5,1:41.932,101932
519,950,2016,Chinese Grand Prix,1,42,5,1:42.782,102782
520,950,2016,Chinese Grand Prix,1,43,6,1:43.346,103346
521,950,2016,Chinese Grand Prix,1,44,6,1:42.899,102899
522,950,2016,Chinese Grand Prix,1,45,6,1:42.391,102391
523,950,2016,Chinese Grand Prix,1,46,7,1:44.145,104145
524,950,2016,Chinese Grand Prix,1,47,7,1:42.567,102567
525,950,2016,Chinese Grand Prix,1,48,7,1:42.876,102876
526,950,2016,Chinese Grand Prix,1,49,7,1:43.437,103437
527,950,2016,Chinese Grand Prix,1,50,7,1:43.038,103038
528,950,2016,Chinese Grand Prix,1,51,7,1:42.637,102637
529,950,2016,Chinese Grand Prix,1,52,7,1:42.991,102991
530,950,2016,Chinese Grand Prix,1,53,7,1:43.323,103323
531,950,2016,Chinese Grand Prix,1,54,7,1:44.218,104218
532,950,2016,Chinese Grand Prix,1,55,7,1:43.998,103998
533,950,2016,Chinese Grand Prix,1,56,7,1:43.570,103570
534,970,2017,Chinese Grand Prix,1,1,1,1:48.752,108752
535,970,2017,Chinese Grand Prix,1,2,1,2:17.879,137879
536,970,2017,Chinese Grand Prix,1,3,1,2:24.702,144702
537,970,2017,Chinese Grand Prix,1,4,1,2:10.924,130924
538,970,2017,Chinese Grand Prix,1,5,1,3:00.642,180642
539,970,2017,Chinese Grand Prix,1,6,1,2:47.366,167366
540,970,2017,Chinese Grand Prix,1,7,1,2:49.364,169364
541,970,2017,Chinese Grand Prix,1,8,1,1:49.009,109009
542,970,2017,Chinese Grand Prix,1,9,1,1:44.030,104030
543,970,2017,Chinese Grand Prix,1,10,1,1:41.563,101563
544,970,2017,Chinese Grand Prix,1,11,1,1:40.807,100807
545,970,2017,Chinese Grand Prix,1,12,1,1:39.358,99358
546,970,2017,Chinese Grand Prix,1,13,1,1:39.388,99388
547,970,2017,Chinese Grand Prix,1,14,1,1:39.353,99353
548,970,2017,Chinese Grand Prix,1,15,1,1:38.124,98124
549,970,2017,Chinese Grand Prix,1,16,1,1:38.730,98730
550,970,2017,Chinese Grand Prix,1,17,1,1:38.895,98895
551,970,2017,Chinese Grand Prix,1,18,1,1:38.977,98977
552,970,2017,Chinese Grand Prix,1,19,1,1:38.556,98556
553,970,2017,Chinese Grand Prix,1,20,1,1:38.514,98514
554,970,2017,Chinese Grand Prix,1,21,1,1:38.485,98485
555,970,2017,Chinese Grand Prix,1,22,1,1:37.560,97560
556,970,2017,Chinese Grand Prix,1,23,1,1:37.644,97644
557,970,2017,Chinese Grand Prix,1,24,1,1:37.785,97785
558,970,2017,Chinese Grand Prix,1,25,1,1:37.879,97879
559,970,2017,Chinese Grand Prix,1,26,1,1:38.098,98098
560,970,2017,Chinese Grand Prix,1,27,1,1:38.093,98093
561,970,2017,Chinese Grand Prix,1,28,1,1:37.451,97451
562,970,2017,Chinese Grand Prix,1,29,1,1:37.484,97484
563,970,2017,Chinese Grand Prix,1,30,1,1:37.596,97596
564,970,2017,Chinese Grand Prix,1,31,1,1:38.538,98538
565,970,2017,Chinese Grand Prix,1,32,1,1:36.711,96711
566,970,2017,Chinese Grand Prix,1,33,1,1:38.163,98163
567,970,2017,Chinese Grand Prix,1,34,1,1:37.717,97717
568,970,2017,Chinese Grand Prix,1,35,1,1:37.307,97307
569,970,2017,Chinese Grand Prix,1,36,1,1:41.641,101641
570,970,2017,Chinese Grand Prix,1,37,1,1:57.651,117651
571,970,2017,Chinese Grand Prix,1,38,1,1:37.123,97123
572,970,2017,Chinese Grand Prix,1,39,1,1:36.673,96673
573,970,2017,Chinese Grand Prix,1,40,1,1:36.727,96727
574,970,2017,Chinese Grand Prix,1,41,1,1:35.798,95798
575,970,2017,Chinese Grand Prix,1,42,1,1:36.081,96081
576,970,2017,Chinese Grand Prix,1,43,1,1:35.705,95705
577,970,2017,Chinese Grand Prix,1,44,1,1:35.378,95378
578,970,2017,Chinese Grand Prix,1,45,1,1:35.583,95583
579,970,2017,Chinese Grand Prix,1,46,1,1:35.521,95521
580,970,2017,Chinese Grand Prix,1,47,1,1:36.036,96036
581,970,2017,Chinese Grand Prix,1,48,1,1:36.049,96049
582,970,2017,Chinese Grand Prix,1,49,1,1:35.892,95892
583,970,2017,Chinese Grand Prix,1,50,1,1:35.819,95819
584,970,2017,Chinese Grand Prix,1,51,1,1:35.894,95894
585,970,2017,Chinese Grand Prix,1,52,1,1:35.957,95957
586,970,2017,Chinese Grand Prix,1,53,1,1:36.643,96643
587,970,2017,Chinese Grand Prix,1,54,1,1:35.657,95657
588,970,2017,Chinese Grand Prix,1,55,1,1:36.139,96139
589,970,2017,Chinese Grand Prix,1,56,1,1:36.747,96747
590,991,2018,Chinese Grand Prix,1,1,5,1:44.362,104362
591,991,2018,Chinese Grand Prix,1,2,5,1:39.660,99660
592,991,2018,Chinese Grand Prix,1,3,5,1:39.553,99553
593,991,2018,Chinese Grand Prix,1,4,5,1:39.743,99743
594,991,2018,Chinese Grand Prix,1,5,5,1:39.863,99863
595,991,2018,Chinese Grand Prix,1,6,5,1:39.375,99375
596,991,2018,Chinese Grand Prix,1,7,5,1:39.173,99173
597,991,2018,Chinese Grand Prix,1,8,5,1:39.482,99482
598,991,2018,Chinese Grand Prix,1,9,5,1:39.196,99196
599,991,2018,Chinese Grand Prix,1,10,5,1:39.184,99184
600,991,2018,Chinese Grand Prix,1,11,5,1:39.618,99618
601,991,2018,Chinese Grand Prix,1,12,5,1:39.452,99452
602,991,2018,Chinese Grand Prix,1,13,5,1:39.161,99161
603,991,2018,Chinese Grand Prix,1,14,5,1:39.277,99277
604,991,2018,Chinese Grand Prix,1,15,5,1:39.625,99625
605,991,2018,Chinese Grand Prix,1,16,5,1:39.629,99629
606,991,2018,Chinese Grand Prix,1,17,5,1:39.940,99940
607,991,2018,Chinese Grand Prix,1,18,4,1:43.390,103390
608,991,2018,Chinese Grand Prix,1,19,5,1:55.098,115098
609,991,2018,Chinese Grand Prix,1,20,5,1:36.878,96878
610,991,2018,Chinese Grand Prix,1,21,5,1:37.262,97262
611,991,2018,Chinese Grand Prix,1,22,5,1:37.741,97741
612,991,2018,Chinese Grand Prix,1,23,5,1:37.755,97755
613,991,2018,Chinese Grand Prix,1,24,5,1:37.952,97952
614,991,2018,Chinese Grand Prix,1,25,5,1:37.686,97686
615,991,2018,Chinese Grand Prix,1,26,5,1:37.450,97450
616,991,2018,Chinese Grand Prix,1,27,5,1:37.888,97888
617,991,2018,Chinese Grand Prix,1,28,4,1:37.838,97838
618,991,2018,Chinese Grand Prix,1,29,4,1:37.767,97767
619,991,2018,Chinese Grand Prix,1,30,4,1:38.767,98767
620,991,2018,Chinese Grand Prix,1,31,4,1:44.921,104921
621,991,2018,Chinese Grand Prix,1,32,3,2:35.104,155104
622,991,2018,Chinese Grand Prix,1,33,3,2:38.666,158666
623,991,2018,Chinese Grand Prix,1,34,3,2:25.397,145397
624,991,2018,Chinese Grand Prix,1,35,3,2:25.813,145813
625,991,2018,Chinese Grand Prix,1,36,3,1:38.863,98863
626,991,2018,Chinese Grand Prix,1,37,3,1:37.622,97622
627,991,2018,Chinese Grand Prix,1,38,3,1:37.623,97623
628,991,2018,Chinese Grand Prix,1,39,3,1:38.224,98224
629,991,2018,Chinese Grand Prix,1,40,4,1:38.252,98252
630,991,2018,Chinese Grand Prix,1,41,4,1:37.855,97855
631,991,2018,Chinese Grand Prix,1,42,5,1:38.805,98805
632,991,2018,Chinese Grand Prix,1,43,4,1:39.626,99626
633,991,2018,Chinese Grand Prix,1,44,4,1:37.525,97525
634,991,2018,Chinese Grand Prix,1,45,4,1:37.471,97471
635,991,2018,Chinese Grand Prix,1,46,4,1:37.099,97099
636,991,2018,Chinese Grand Prix,1,47,4,1:37.147,97147
637,991,2018,Chinese Grand Prix,1,48,5,1:38.405,98405
638,991,2018,Chinese Grand Prix,1,49,5,1:37.301,97301
639,991,2018,Chinese Grand Prix,1,50,5,1:37.206,97206
640,991,2018,Chinese Grand Prix,1,51,5,1:37.160,97160
641,991,2018,Chinese Grand Prix,1,52,5,1:37.194,97194
642,991,2018,Chinese Grand Prix,1,53,5,1:38.081,98081
643,991,2018,Chinese Grand Prix,1,54,5,1:36.978,96978
644,991,2018,Chinese Grand Prix,1,55,5,1:37.512,97512
645,991,2018,Chinese Grand Prix,1,56,5,1:37.750,97750
646,1012,2019,Chinese Grand Prix,1,1,1,1:46.407,106407
647,1012,2019,Chinese Grand Prix,1,2,1,1:48.693,108693
648,1012,2019,Chinese Grand Prix,1,3,1,1:38.119,98119
649,1012,2019,Chinese Grand Prix,1,4,1,1:38.522,98522
650,1012,2019,Chinese Grand Prix,1,5,1,1:38.501,98501
651,1012,2019,Chinese Grand Prix,1,6,1,1:38.524,98524
652,1012,2019,Chinese Grand Prix,1,7,1,1:38.411,98411
653,1012,2019,Chinese Grand Prix,1,8,1,1:38.296,98296
654,1012,2019,Chinese Grand Prix,1,9,1,1:38.265,98265
655,1012,2019,Chinese Grand Prix,1,10,1,1:38.594,98594
656,1012,2019,Chinese Grand Prix,1,11,1,1:38.328,98328
657,1012,2019,Chinese Grand Prix,1,12,1,1:38.610,98610
658,1012,2019,Chinese Grand Prix,1,13,1,1:38.805,98805
659,1012,2019,Chinese Grand Prix,1,14,1,1:38.603,98603
660,1012,2019,Chinese Grand Prix,1,15,1,1:38.983,98983
661,1012,2019,Chinese Grand Prix,1,16,1,1:38.956,98956
662,1012,2019,Chinese Grand Prix,1,17,1,1:39.009,99009
663,1012,2019,Chinese Grand Prix,1,18,1,1:39.145,99145
664,1012,2019,Chinese Grand Prix,1,19,1,1:38.988,98988
665,1012,2019,Chinese Grand Prix,1,20,1,1:39.296,99296
666,1012,2019,Chinese Grand Prix,1,21,1,1:39.378,99378
667,1012,2019,Chinese Grand Prix,1,22,1,1:44.331,104331
668,1012,2019,Chinese Grand Prix,1,23,1,1:55.832,115832
669,1012,2019,Chinese Grand Prix,1,24,1,1:36.877,96877
670,1012,2019,Chinese Grand Prix,1,25,1,1:36.870,96870
671,1012,2019,Chinese Grand Prix,1,26,1,1:36.882,96882
672,1012,2019,Chinese Grand Prix,1,27,1,1:37.112,97112
673,1012,2019,Chinese Grand Prix,1,28,1,1:36.822,96822
674,1012,2019,Chinese Grand Prix,1,29,1,1:37.511,97511
675,1012,2019,Chinese Grand Prix,1,30,1,1:37.347,97347
676,1012,2019,Chinese Grand Prix,1,31,1,1:37.476,97476
677,1012,2019,Chinese Grand Prix,1,32,1,1:37.411,97411
678,1012,2019,Chinese Grand Prix,1,33,1,1:37.180,97180
679,1012,2019,Chinese Grand Prix,1,34,1,1:36.645,96645
680,1012,2019,Chinese Grand Prix,1,35,1,1:37.980,97980
681,1012,2019,Chinese Grand Prix,1,36,1,1:41.694,101694
682,1012,2019,Chinese Grand Prix,1,37,1,1:56.038,116038
683,1012,2019,Chinese Grand Prix,1,38,1,1:36.049,96049
684,1012,2019,Chinese Grand Prix,1,39,1,1:35.936,95936
685,1012,2019,Chinese Grand Prix,1,40,1,1:36.023,96023
686,1012,2019,Chinese Grand Prix,1,41,1,1:36.242,96242
687,1012,2019,Chinese Grand Prix,1,42,1,1:36.383,96383
688,1012,2019,Chinese Grand Prix,1,43,1,1:36.307,96307
689,1012,2019,Chinese Grand Prix,1,44,1,1:36.590,96590
690,1012,2019,Chinese Grand Prix,1,45,1,1:36.272,96272
691,1012,2019,Chinese Grand Prix,1,46,1,1:36.467,96467
692,1012,2019,Chinese Grand Prix,1,47,1,1:35.892,95892
693,1012,2019,Chinese Grand Prix,1,48,1,1:36.541,96541
694,1012,2019,Chinese Grand Prix,1,49,1,1:36.468,96468
695,1012,2019,Chinese Grand Prix,1,50,1,1:36.450,96450
696,1012,2019,Chinese Grand Prix,1,51,1,1:37.384,97384
697,1012,2019,Chinese Grand Prix,1,52,1,1:36.889,96889
698,1012,2019,Chinese Grand Prix,1,53,1,1:36.765,96765
699,1012,2019,Chinese Grand Prix,1,54,1,1:36.266,96266
700,1012,2019,Chinese Grand Prix,1,55,1,1:36.358,96358
701,1012,2019,Chinese Grand Prix,1,56,1,1:36.627,96627
